{
  "mfcc_mean": [
    -274.4293518066406,
    122.9585189819336,
    21.338428497314453,
    16.223865509033203,
    -1.4661190509796143,
    6.403146266937256,
    -1.3180358409881592,
    2.171879529953003,
    -2.6377363204956055,
    1.0246238708496094,
    -3.0557520389556885,
    3.980482339859009,
    1.8693933486938477
  ],
  "mfcc_var": [
    9521.880859375,
    2654.87548828125,
    1337.6956787109375,
    776.7453002929688,
    479.75775146484375,
    462.7618408203125,
    331.2831115722656,
    317.2229309082031,
    297.9857177734375,
    249.08995056152344,
    212.38739013671875,
    235.71463012695312,
    196.50607299804688
  ],
  "spectral_contrast_mean": [
    25.301329792164093,
    16.82605945868185,
    19.76851411684911,
    20.396127970013975,
    17.678991427133464,
    18.151028854474905,
    46.59342111060721
  ],
  "spectral_contrast_var": [
    42.87599748628214,
    37.24087208464752,
    35.27514576857841,
    30.20589218559326,
    14.618020777869614,
    17.72400089151335,
    19.122975790988384
  ],
  "spectral_bandwidth": {
    "mean": [
      1608.6429250057438
    ],
    "var": [
      661152.5508641921
    ]
  },
  "tempo": [
    103.359375
  ]
}