{
  "filename": "audio/samples/ilariio_soft-chill-vibes.mp3",
  "mfcc_mean": [
    -274.4676818847656,
    122.98259735107422,
    21.35283851623535,
    16.21770477294922,
    -1.4725602865219116,
    6.415558338165283,
    -1.3133900165557861,
    2.1742072105407715,
    -2.638859748840332,
    1.0298336744308472,
    -3.0518105030059814,
    3.973764181137085,
    1.8644275665283203
  ],
  "mfcc_var": [
    9536.0234375,
    2652.982177734375,
    1339.2823486328125,
    776.9739379882812,
    479.8294677734375,
    461.316650390625,
    331.7360534667969,
    316.8729553222656,
    297.2672424316406,
    248.06393432617188,
    212.751953125,
    236.66603088378906,
    196.520263671875
  ],
  "spectral_contrast_mean": [
    25.340680503551965,
    16.84460713603027,
    19.81149400203685,
    20.410331742104265,
    17.68484166997593,
    18.141261922580394,
    46.63068252519771
  ],
  "spectral_contrast_var": [
    42.348760678662,
    37.14321114243144,
    36.22832392971059,
    30.249720878232765,
    14.547191411227704,
    17.705849838802376,
    19.201594019483974
  ],
  "spectral_bandwidth": {
    "mean": [
      1608.6429250057438
    ],
    "var": [
      661152.5508641921
    ]
  },
  "tempo": [
    103.359375
  ],
  "cvltiv8r_clean.wav": {
    "filename": "audio/samples/cvltiv8r_clean.wav",
    "mfcc_mean": [
      -163.70323181152344,
      107.24976348876953,
      23.372432708740234,
      44.115692138671875,
      6.8503875732421875,
      21.71868324279785,
      4.853768825531006,
      7.491008758544922,
      2.8072452545166016,
      16.0457763671875,
      1.7962230443954468,
      5.666254997253418,
      -5.5466790199279785
    ],
    "mfcc_var": [
      5031.95556640625,
      1136.85595703125,
      484.0034484863281,
      151.30906677246094,
      143.15379333496094,
      110.14472198486328,
      69.37278747558594,
      56.09684753417969,
      42.516483306884766,
      53.367149353027344,
      74.80197143554688,
      42.52788543701172,
      21.221668243408203
    ],
    "spectral_contrast_mean": [
      15.452007791510637,
      16.96602955667009,
      17.643501551607518,
      17.578178733982792,
      18.401899861133177,
      16.61333815903576,
      50.06728057810119
    ],
    "spectral_contrast_var": [
      21.838568961643794,
      21.96935146056529,
      22.896927524893194,
      12.923136052696314,
      15.447050607797705,
      8.344234385761997,
      11.70074393066675
    ],
    "spectral_bandwidth": {
      "mean": [
        2218.69572456344
      ],
      "var": [
        319305.8758817552
      ]
    },
    "tempo": [
      112.34714673913044
    ]
  }
}